normalize,filtered,removed
silat laga di juara antar ajar jakut,silat laga juara ajar jakut,di antar
up jsc terus kembang aplikasi jaki,up jsc kembang aplikasi jaki,terus
aga busana gelar di kereta mrt,aga busana gelar kereta mrt,di
cegah celaka batas jalan pasang di jl pagelarang,cegah celaka batas jalan pasang jl pagelarang,di
sudin dukcapil jakpus kebut buat kia di sekolah,sudin dukcapil jakpus kebut kia sekolah,buat di
ratus ajar riah hari gizi nasional di rptra mustika jati,ratus ajar riah gizi nasional rptra mustika jati,hari di
musrenbang lurah kebon jeruk sepakat usul,musrenbang lurah kebon jeruk sepakat usul,
tp pkk jakut lantik urus camat cilincing,tp pkk jakut lantik urus camat cilincing,
sudin kpkp laku biosekuriti pasar burung barito,sudin kpkp laku biosekuriti pasar burung barito,
bangun fasilitas mck di jati pulo rampung,bangun fasilitas mck jati pulo rampung,di
lurah susu milik taman ppsu,lurah susu milik taman ppsu,
tinggi tanggul kali ciliwung di pasar baru tambah,tanggul kali ciliwung pasar,tinggi di baru tambah
bapenda dki serap aspirasi warga kait urus stnk,bapenda dki serap aspirasi warga kait urus stnk,
forst bakal fokus pada olahraga dan rekreasi,forst fokus olahraga rekreasi,bakal pada dan
turap kali krukut di jalan bank i baik,turap kali krukut jalan bank i,di baik
lima meter kubik eceng gondok angkut dari pulau untung jawa,meter kubik eceng gondok angkut pulau untung jawa,lima dari
mulai besok ada rekayasa lalin di kawasan boulevard kelapa gading,besok rekayasa lalin kawasan boulevard kelapa gading,mulai ada di
bank sampah sdn sukapura laku timbang perdana,bank sampah sdn sukapura laku timbang perdana,
sudin kpkp jaksel terus optimal awas pangan,sudin kpkp jaksel optimal awas pangan,terus
lurah pulau kelapa gelar kerja bakti,lurah pulau kelapa gelar kerja bakti,
kolaborasi sama pemkot bekas dan pemprov jabar anies resmi flyover cipendawa dan rawa panjang,kolaborasi pemkot bekas pemprov jabar anies resmi flyover cipendawa rawa,sama dan dan panjang
hujan prediksi guyur jakarta pada siang hari,hujan prediksi guyur jakarta siang,pada hari
ular kobra panjang satu meter evakuasi di cakung barat,ular kobra meter evakuasi cakung barat,panjang satu di
pt mrt simulasi pasang flood barrier di stasiun dukuh atas bni,pt mrt simulasi pasang flood barrier stasiun dukuh bni,di atas
bedah rumah warga di malakasari rampung,bedah rumah warga malakasari rampung,di
sudin dukcapil jaksel siap layan rekam ktpel di rumah,sudin dukcapil jaksel layan rekam ktpel rumah,siap di
warga sosialisasi catat pakai air swro,warga sosialisasi catat pakai air swro,
bangun flyover tanjung barat dan lenteng agung terus sosialisasi,bangun flyover tanjung barat lenteng agung sosialisasi,dan terus
wakil ketua dprd dukung forum konsultasi publik rkpd,wakil ketua dprd dukung forum konsultasi publik rkpd,
dprd pulau tawa ajar kembang pariwisata pulau ribu,dprd pulau tawa ajar kembang pariwisata pulau ribu,
disdik dki komitmen terus hadir sekolah ramah anak,disdik dki komitmen hadir sekolah ramah anak,terus
rptra anggrek bintaro tetap eks jadi tempat latih tari,rptra anggrek bintaro eks latih tari,tetap jadi tempat
rsud tara adakan seminar rawat bayi dan anak dengan stoma,rsud tara adakan seminar rawat bayi anak stoma,dan dengan
job for career pt jakpro mati ribu cari kerja,job for career pt jakpro mati ribu cari kerja,
dinas lh apresiasi komitmen pasar tradisional bebas kantong plastik,dinas lh apresiasi komitmen pasar tradisional bebas kantong plastik,
salur air di depan pasar tomang kuras,salur air pasar tomang kuras,di depan
asn pulau ribu sosialisasi ingub kurang sampah,asn pulau ribu sosialisasi ingub sampah,kurang
jumlah rute transjakarta alih sementara,rute transjakarta alih,jumlah sementara
pemprov dki jakarta gelar forum konsultasi publik rkpd,pemprov dki jakarta gelar forum konsultasi publik rkpd,
legislator dari tiga daerah kunker ke dprd dki,legislator daerah kunker dprd dki,dari tiga ke
tahun ini jaksel bakal punya taman maju sama,jaksel taman maju,tahun ini bakal punya sama
cegah dbd lurah pulau panggang laku fogging,cegah dbd lurah pulau panggang laku fogging,
bakar tiga bangun di cikoko hasil padam,bakar bangun cikoko hasil padam,tiga di
ada usul bahas dalam musrenbang lurah kebon baru,usul bahas musrenbang lurah kebon,ada dalam baru
jalur hijau di depan pasar cengkareng tata,jalur hijau pasar cengkareng tata,di depan
wali kota jaktim pimpin apel tata tampung unggas,wali kota jaktim pimpin apel tata tampung unggas,
dinas pm dan ptsp rampung juta mohon di,dinas pm ptsp rampung juta mohon,dan di
jumlah wilayah jakarta prediksi hujan pada siang hari,wilayah jakarta prediksi hujan siang,jumlah pada hari
urus kwarcab pramuka jakut kukuh,urus kwarcab pramuka jakut kukuh,
usul bahas di musrenbang lurah palmerah,usul bahas musrenbang lurah palmerah,di
wali kota jaksel apresiasi kerja tugas ppsu tanggulang bencana,wali kota jaksel apresiasi kerja tugas ppsu tanggulang bencana,
tp pkk jakut lantik urus camat jaring,tp pkk jakut lantik urus camat jaring,
generasi milenial ajak sadar gizi,generasi milenial ajak sadar gizi,
dinsos dki jajak tempat kerja di jepang,dinsos dki jajak kerja jepang,tempat di
komisi a tinjau kondisi sarpras di dinas gulkarmat dan bpbd,komisi a tinjau kondisi sarpras dinas gulkarmat bpbd,di dan
mustahik di grogol tambur dapat bantu,mustahik grogol tambur bantu,di dapat
komisi d dprd dki laku tinjau ke tpst bantar gebang,komisi d dprd dki laku tinjau tpst bantar gebang,ke
komisi e dprd dki serap aspirasi yayasan budaya kampoeng kemajoran,komisi e dprd dki serap aspirasi yayasan budaya kampoeng kemajoran,
dinas kpkp adakan bimtek pasar produk pkt bina,dinas kpkp adakan bimtek pasar produk pkt bina,
bangun fisik jadi prioritas musrenbang lurah pulau tidung,bangun fisik prioritas musrenbang lurah pulau tidung,jadi
kabel listrik pju di jakpus akan baru,kabel listrik pju jakpus,di akan baru
pohon di jalan raya cilandak kko pangkas,pohon jalan raya cilandak kko pangkas,di
legislator kabupaten sleman kunker ke dinas kominfotik,legislator kabupaten sleman kunker dinas kominfotik,ke
musrenbang lurah gangsa dua sepakat usul,musrenbang lurah gangsa sepakat usul,dua
dki jakarta jadi tuan rumah luncur proyek tahan ubah iklim untuk indonesia dan asia pasifik,dki jakarta tuan rumah luncur proyek tahan ubah iklim indonesia asia pasifik,jadi untuk dan
laboratorium bahasa di mtsn jakarta resmi,laboratorium bahasa mtsn jakarta resmi,di
warga ajak lestari terumbu karang,warga ajak lestari terumbu karang,
wakil bupati hadir musrenbang lurah pulau panggang,wakil bupati hadir musrenbang lurah pulau panggang,
sumur resap selesai buat di kembang,sumur resap selesai kembang,buat di
karung lumpur angkat dari salur air jalan sehat raya,karung lumpur angkat salur air jalan sehat raya,dari
bupati pimpin apel pegawai di camat pulau ribu selatan,bupati pimpin apel pegawai camat pulau ribu selatan,di
empat sarang tawon evakuasi tugas gulkarmat jaktim,sarang tawon evakuasi tugas gulkarmat jaktim,empat
hujan ringan prediksi guyur jakarta mulai pagi hari,hujan ringan prediksi guyur jakarta pagi,mulai hari
asn pemkot jakbar terima sk pensiun,asn pemkot jakbar terima sk pensiun,
pemkot jakut matang siap laksana program strategis,pemkot jakut matang laksana program strategis,siap
bangun tmb target mulai april,bangun tmb target april,mulai
ajar smkn jakarta ukir prestasi di lomba masak tingkat nasional,ajar smkn jakarta ukir prestasi lomba masak tingkat nasional,di
pemprov dorong terus banyak taman di ibukota,pemprov dorong taman ibukota,terus banyak di
musrenbang lurah jaring bahas usul,musrenbang lurah jaring bahas usul,
pemprov minta bangun integrasi antar moda di kawasan padat duduk,pemprov bangun integrasi moda kawasan padat duduk,minta antar di
eksekutif dan legislatif sepakat henti sementara revitalisasi monas,eksekutif legislatif sepakat henti revitalisasi monas,dan sementara
musrenbang lurah pulau pari bahas usul,musrenbang lurah pulau pari bahas usul,
sudin bina marga jakpus baik titik jalan rusak,sudin bina marga jakpus titik jalan rusak,baik
turap kali cabang tengah di jl m kahfi ii baik,turap kali cabang jl m kahfi ii,tengah di baik
jabat pemkot jakut sosialisasi ingub kurang sampah,jabat pemkot jakut sosialisasi ingub sampah,kurang
bapenda dki terus kerja sama tingkat terima pajak,bapenda dki kerja tingkat terima pajak,terus sama
sudinhub jakbar siaga personel di jl kembang raya,sudinhub jakbar siaga personel jl kembang raya,di
tugas ppsu sih kali cakung lama,tugas ppsu sih kali cakung,lama
ingat hari gizi nasional di rptra susu ceria,gizi nasional rptra susu ceria,ingat hari di
komisi a bahas rotasi jabat eselon di pemprov dki,komisi a bahas rotasi jabat eselon pemprov dki,di
rptra tidung ceria cantik lukis edukasi,rptra tidung ceria cantik lukis edukasi,
dinkes dki tingkat koordinasi kait virus corona,dinkes dki tingkat koordinasi kait virus corona,
oleh bulan dana pmi di jakbar lebih target,dana pmi jakbar target,oleh bulan di lebih
bupati hadir musrenbang di pulau untung jawa,bupati hadir musrenbang pulau untung jawa,di
ular sanca panjang dua meter evakuasi di jl radar vi kalisari,ular sanca meter evakuasi jl radar vi kalisari,panjang dua di
pemprov dki gelar pekan budaya nusantara di balai kota,pemprov dki gelar pekan budaya nusantara balai kota,di
lurah di jakut akan lengkap tpa negeri,lurah jakut lengkap tpa negeri,di akan
tiga rumah sakit di jakarta jadi rujuk tangan virus corona,rumah sakit jakarta rujuk tangan virus corona,tiga di jadi
ini ciriciri tangki septik yang baik,ciriciri tangki septik,ini yang baik
food station akan bangun stasiun logistik di kawasan cipinang,food station bangun stasiun logistik kawasan cipinang,akan di
dua sarang tawon di jaktim hasil evakuasi tugas,sarang tawon jaktim hasil evakuasi tugas,dua di
jumlah wilayah jakarta prediksi hujan,wilayah jakarta prediksi hujan,jumlah
jalan ambles di matraman telah baik,jalan ambles matraman,di telah baik
komisi e bahas fungsi dewan awas rumah sakit,komisi e bahas fungsi dewan awas rumah sakit,
ketua dprd tinjau proses revitalisasi kawasan monas,ketua dprd tinjau proses revitalisasi kawasan monas,
komisi e dinkes rapat kerja bahas cegah virus corona,komisi e dinkes rapat kerja bahas cegah virus corona,
posko banjir lurah cawang tetap siaga,posko banjir lurah cawang siaga,tetap
pegawai lurah cempaka putih timur ikut periksa sehat,pegawai lurah cempaka putih timur periksa sehat,ikut
musrenbang kalibaru rumus usul giat,musrenbang kalibaru rumus usul giat,
dprd yogyakarta ajar teknis bahas propemperda di dki,dprd yogyakarta ajar teknis bahas propemperda dki,di
bpbd dki rsud cipayung jalin kerja sama integritas sistem layan,bpbd dki rsud cipayung jalin kerja integritas sistem layan,sama
pohon rawan tumbang di jl jatinegara timur pangkas,pohon rawan tumbang jl jatinegara timur pangkas,di
batal tunjuk donny andy s saragih bagai dirut pt transjakarta,batal donny andy s saragih dirut pt transjakarta,tunjuk bagai
dinas sehat sedia layan telepon khusus kait coronavirus,dinas sehat sedia layan telepon khusus kait coronavirus,
road to hattrick wtp pemprov dki selenggara entry meeting periksa lkpd,road to hattrick wtp pemprov dki selenggara entry meeting periksa lkpd,
anggota komisi a apresiasi sekolah ramah murid butuh khusus,anggota komisi a apresiasi sekolah ramah murid butuh khusus,
unjung ancol naik persen,unjung ancol persen,naik
tugas halau parkir liar di jl matraman raya,tugas halau parkir liar jl matraman raya,di
rusa tanggul salur phb pluis grogol utara baik,rusa tanggul salur phb pluis grogol utara,baik
arus lalu lintas di underpass mayor kembali normal,arus lintas underpass mayor normal,lalu di kembali
dinas kpkp desinfeksi rumah potong hewan,dinas kpkp desinfeksi rumah potong hewan,
dua unit kelola pm dan ptsp standar layan internasional,unit kelola pm ptsp standar layan internasional,dua dan
gubernur anies pasti underpass mayor bisa guna,gubernur anies underpass mayor,pasti bisa guna
festival pulau untung jawa helat dan februari,festival pulau untung jawa helat februari,dan
wisatawan mancanegara nikmat raya imlek di thamrin,wisatawan mancanegara nikmat raya imlek thamrin,di
sudin sda jaktim tambah alat berat baik turap di kayu putih,sudin sda jaktim alat berat turap kayu putih,tambah baik di
ribu warga ikut jalan sehat di hbkb sudirman thamrin,ribu warga jalan sehat hbkb sudirman thamrin,ikut di
warga sukapura kerja bakti sih salur,warga sukapura kerja bakti sih salur,
jembatan merah di cipinang melayu baik,jembatan merah cipinang melayu,di baik
gubernur anies saksi parade barongsai wujud akulturasi budaya lewat jakarta imlek,gubernur anies saksi parade barongsai wujud akulturasi budaya jakarta imlek,lewat
libur imlek pulau tidung kunjung wisatawan,libur imlek pulau tidung kunjung wisatawan,
pemkab kejar jakarta utara tanda tangan mou bantu hukum,pemkab kejar jakarta utara tanda tangan mou bantu hukum,
dinas sda bantu tangan genang di underpass mayor,dinas sda bantu tangan genang underpass mayor,di
hijau jakarta pemprov dki tanam puluh ribu pohon dan juta semak,hijau jakarta pemprov dki tanam puluh ribu pohon juta semak,dan
lrt jakarta hibur tumpang dengan tunjuk barongsai,lrt jakarta hibur tumpang barongsai,dengan tunjuk
dinas sda kebut bebas lahan untuk normalisasi kali sunter,dinas sda kebut bebas lahan normalisasi kali sunter,untuk
kad sda serah bantu pascabanjir di cipinang melayu,kad sda serah bantu pascabanjir cipinang melayu,di
jakarta prediksi guyur hujan,jakarta prediksi guyur hujan,
anies sambut malam ganti tahun baru imlek sama masyarakat tionghoa,anies sambut malam ganti imlek masyarakat tionghoa,tahun baru sama
kube ikut bazar di hotel bintang,kube bazar hotel bintang,ikut di
dinas kpkp monitoring laksana program tani mas di dua sekolah,dinas kpkp monitoring laksana program tani mas sekolah,di dua
dinsos luncur gera sosial juta lubang biopori,dinsos luncur gera sosial juta lubang biopori,
saefullah lantik jabat fungsional,saefullah lantik jabat fungsional,
pemprov dki revitalisasi kawasan medan merdeka selatan rujuk keppres,pemprov dki revitalisasi kawasan medan merdeka selatan rujuk keppres,
sarpras olahraga di psbkw harap mulia resmi,sarpras olahraga psbkw harap mulia resmi,di
banggar dprd ajar sistem anggar bappeda sumsel,banggar dprd ajar sistem anggar bappeda sumsel,
tugas ppsu atas genang di jl terus kelapa hibrida,tugas ppsu genang jl kelapa hibrida,atas di terus
sudin sda jakut atas genang di jl danau sunter barat,sudin sda jakut genang jl danau sunter barat,atas di
dua alat berat bantu tangan turap longsor di kayu putih,alat berat bantu tangan turap longsor kayu putih,dua di
ketua komisi b apresiasi hapus pajak bbnkb kendara listrik,ketua komisi b apresiasi hapus pajak bbnkb kendara listrik,
portal di jl kembang elok utama akan laku buka tutup,portal jl kembang elok utama laku buka tutup,di akan
genang surut tugas tetap siaga di jl di panjaitan,genang surut tugas siaga jl panjaitan,tetap di di
turap longsor di kayu putih langsung tangan tugas,turap longsor kayu putih langsung tangan tugas,di
tujuh pompa kerah tangan genang di jalan letjen suprapto,tujuh pompa kerah tangan genang jalan letjen suprapto,di
ukpd di jakbar minta implementasi ingub nomor tahun,ukpd jakbar implementasi ingub nomor,di minta tahun
pemkab bmkg jajak kerja sama pantau cuaca,pemkab bmkg jajak kerja pantau cuaca,sama
tina toon sosialisasi perda lestari budaya betawi,tina toon sosialisasi perda lestari budaya betawi,
jelang imlek omzet dagang bunga rawa bong tingkat,jelang imlek omzet dagang bunga rawa bong tingkat,
unit pompa atas genang di kampung melayu,unit pompa genang kampung melayu,atas di
genang di jalan medan merdeka barat telah surut,genang jalan medan merdeka barat surut,di telah
underpass mayor tutup sementara,underpass mayor tutup,sementara
wajah baru pesisir jakarta upaya pulih lingkung teluk jakarta dan tingkat adil sosial,wajah pesisir jakarta upaya pulih lingkung teluk jakarta tingkat adil sosial,baru dan
sudinhub jaksel siaga personel saat imlek,sudinhub jaksel siaga personel imlek,saat
wakil bupati pantau kondisi cuaca di kantor bmkg,wakil bupati pantau kondisi cuaca kantor bmkg,di
pompa kerah atas genang di jl di panjaitan,pompa kerah genang jl panjaitan,atas di di
sudinsos jakut siaga posko dapur umum,sudinsos jakut siaga posko dapur,umum
pam jaya sosialisasi tarif dan langgan di pulau ribu,pam jaya sosialisasi tarif langgan pulau ribu,dan di
empat pompa mobile tangan genang di sunter,pompa mobile tangan genang sunter,empat di
pemprov dki tunjuk donny saragih bagai dirut pt transjakarta,pemprov dki donny saragih dirut pt transjakarta,tunjuk bagai
lengkap sekolah beri bagi ajar dampak banjir,lengkap sekolah ajar dampak banjir,beri bagi
sekko jaktim cek kesiap personel sudin lh,sekko jaktim cek kesiap personel sudin lh,
bagi wilayah jakarta prediksi hujan,wilayah jakarta prediksi hujan,bagi
pt bangun jaya ancol hadir retail kuliner baru,pt bangun jaya ancol hadir retail kuliner,baru
lahan parkir di jalan cempaka putih tengah xxx akan tata,lahan parkir jalan cempaka putih xxx tata,di tengah akan
gandeng bnpp pt mrt tingkat kompetensi sdm tanggap darurat,gandeng bnpp pt mrt tingkat kompetensi sdm tanggap darurat,
guna mobil dan motor listrik di jakarta bebas pajak bbnkb,mobil motor listrik jakarta bebas pajak bbnkb,guna dan di
baik sodet salur di jalan ciragil timur rampung,sodet salur jalan ciragil timur rampung,baik di
tugas hasil evakuasi sarang tawon di jl taman malaka selatan,tugas hasil evakuasi sarang tawon jl taman malaka selatan,di
dua unit pompa atas genang di tugu utara,unit pompa genang tugu utara,dua atas di
ini rekayasa lalin kait proyek underpass senen extention,rekayasa lalin kait proyek underpass senen extention,ini
jakarta imlek kolaborasi pemprov dki dan warga hadir akulturasi budaya di ibukota,jakarta imlek kolaborasi pemprov dki warga hadir akulturasi budaya ibukota,dan di
personel satpol pp kerah saat imlek,personel satpol pp kerah imlek,saat
tugas tangan genang di jl di panjaitan,tugas tangan genang jl panjaitan,di di
dinkes imbau warga waspada sakit pneumonia berat,dinkes imbau warga waspada sakit pneumonia berat,
mimpi hadijah milik tempat tinggal layak akhir wujud,mimpi hadijah milik tinggal layak wujud,tempat akhir
juta wisman target kunjung jakarta tahun ini,juta wisman target kunjung jakarta,tahun ini
layan restorasi arsip warga dampak banjir gelar di cawang,layan restorasi arsip warga dampak banjir gelar cawang,di
sudin bina marga jaksel tata kabel utilitas di jl kemang utara,sudin bina marga jaksel tata kabel utilitas jl kemang utara,di
pohon tumbang di tegal alur hasil evakuasi,pohon tumbang tegal alur hasil evakuasi,di
milik bentor di pulau tidung sosialisasi layan wisata,milik bentor pulau tidung sosialisasi layan wisata,di
yuk saksi tunjuk wayang potehi di thamrin,yuk saksi wayang potehi thamrin,tunjuk di
koni jakarta utara gelar rapat kerja tahun,koni jakarta utara gelar rapat kerja,tahun
kukuh fkk dki gubernur anies harap jakarta jadi kota bebas ancam bakar,kukuh fkk dki gubernur anies harap jakarta kota bebas ancam bakar,jadi
satu pompa portabel atas genang di jl arteri marunda,pompa portabel genang jl arteri marunda,satu atas di
lurah pulau untung jawa gelar fgd kamtibmas di rptra amiterdam,lurah pulau untung jawa gelar fgd kamtibmas rptra amiterdam,di
tali air di kawasan simpang lima semper bersih,tali air kawasan simpang semper bersih,di lima
ppsu jambar atas genang di jl daan mogot raya,ppsu jambar genang jl daan mogot raya,atas di
satgas gabung baik jalan ambles di matraman,satgas gabung jalan ambles matraman,baik di
jumlah wilayah jakarta akan guyur hujan,wilayah jakarta guyur hujan,jumlah akan
musrenbang lurah tukang utara bahas usul,musrenbang lurah tukang utara bahas usul,
pohon produktif tanam di rptra klanceng putih,pohon produktif tanam rptra klanceng putih,di
tugas sih puing sisa bangun di jl panjaitan,tugas sih puing sisa bangun jl panjaitan,di
sudin pusip jaktim restorasi arsip warga dampak banjir,sudin pusip jaktim restorasi arsip warga dampak banjir,
musrenbang lurah sungai bambu bahas usul,musrenbang lurah sungai bambu bahas usul,
mustahik di tambora terima santun,mustahik tambora terima santun,di
tiga taman grande bangun tahun ini,taman grande bangun,tiga tahun ini
murid tk ikut wisata edukasi di taman pintar lalu lintas,murid tk wisata edukasi taman pintar lintas,ikut di lalu
dinas kpkp panen ton padi di rorotan,dinas kpkp panen ton padi rorotan,di
dinding kali sekretaris di grogol tambur baik,dinding kali sekretaris grogol tambur,di baik
kantor sudin dukcapil jakbar kembali operasi,kantor sudin dukcapil jakbar operasi,kembali
halte transjakarta central senen henti operasi sementara,halte transjakarta central senen henti operasi,sementara
komisi c dprd dki tinjau aset di thr lokasari,komisi c dprd dki tinjau aset thr lokasari,di
musrenbang sunter jaya tetap usul giat,musrenbang sunter jaya usul giat,tetap
dprd segera proses pilih cawagub dki,dprd proses pilih cawagub dki,segera
pemkab pln survei lokasi lahan plts di pulau sebira,pemkab pln survei lokasi lahan plts pulau sebira,di
sudinsos jakpus siaga personel ps,sudinsos jakpus siaga personel ps,
integrasi halte transjakarta cswstasiun mrt asean bisa tingkat langgan,integrasi halte transjakarta cswstasiun mrt asean tingkat langgan,bisa
urus pbvsi dki jakarta periode kukuh,urus pbvsi dki jakarta periode kukuh,
musrenbang kabupaten pulau ribu jadwal pekan depan,musrenbang kabupaten pulau ribu jadwal pekan,depan
ular sanca panjang tiga meter evakuasi di jl supriyadi,ular sanca meter evakuasi jl supriyadi,panjang tiga di
salur phb batu ampar bersih tugas gabung,salur phb batu ampar bersih tugas gabung,
dwp provinsi dki adakan latih terampil tata rias,dwp provinsi dki adakan latih terampil tata rias,
empat tpu di pulau ribu tata,tpu pulau ribu tata,empat di
rembuk rw di jakut target rampung pekan ini,rembuk rw jakut target rampung pekan,di ini
sarang tawon di rusun klender hasil evakuasi,sarang tawon rusun klender hasil evakuasi,di
turap di salur air jalan dr saharjo baik,turap salur air jalan dr saharjo,di baik
anies canang bangun fasilitas integrasi halte transjakarta csw dan stasiun mrt asean,anies canang bangun fasilitas integrasi halte transjakarta csw stasiun mrt asean,dan
rptra nyiur lambai pulau kelapa cantik dengan mural,rptra nyiur lambai pulau kelapa cantik mural,dengan
ini pelopor pasar bebas plastik di jakarta,pelopor pasar bebas plastik jakarta,ini di
bagi wilayah jakarta prediksi hujan,wilayah jakarta prediksi hujan,bagi
usul musrenbang lurah ulujami fokus antisipasi banjir,usul musrenbang lurah ulujami fokus antisipasi banjir,
sudin lh jakut bakal pindah tps kencana,sudin lh jakut pindah tps kencana,bakal
tengok lampion hasil kreasi ajar sman jakarta,tengok lampion hasil kreasi ajar sman jakarta,
pemkot jakpus kembang budidaya maggot untuk reduksi sampah,pemkot jakpus kembang budidaya maggot reduksi sampah,untuk
badan dapat daerah dki gencar lapor pajak online,badan daerah dki gencar lapor pajak online,dapat
dprddisdik bahas tingkat sejahtera guru paud,dprddisdik bahas tingkat sejahtera guru paud,
rw dampak banjir di kembang utara dapat bantu,rw dampak banjir kembang utara bantu,di dapat
sudin lh jakbar angkut sampah di rawa buaya,sudin lh jakbar angkut sampah rawa buaya,di
pjlp sudin taman dan hutan kota jakut gelar apel kesiapsiagaan,pjlp sudin taman hutan kota jakut gelar apel kesiapsiagaan,dan
layan cetak ktp elektronik gelar di kedoya selatan,layan cetak ktp elektronik gelar kedoya selatan,di
dinas kpkp terus upaya stabil harga cabai,dinas kpkp upaya stabil harga cabai,terus
dagang pasar tebet barat ikut sosialisasi pergub,dagang pasar tebet barat sosialisasi pergub,ikut
bakar buah rumah di kalisari hasil padam,bakar buah rumah kalisari hasil padam,di
tugas gabung baik tanggul kali cipinang di kramat jati,tugas gabung tanggul kali cipinang kramat jati,baik di
ajar sma di cijantung kolaborasi buat lampion,ajar sma cijantung kolaborasi lampion,di buat
wisatawan prediksi padat pulau ribu saat libur imlek,wisatawan prediksi padat pulau ribu libur imlek,saat
enam sumur resap buat di kantor camat kembang,enam sumur resap kantor camat kembang,buat di
fokus tahan wtp anies imbau jajar tuntas masalah aset,fokus tahan wtp anies imbau jajar tuntas aset,masalah
ajar sma di jaring kreasi hias lampion,ajar sma jaring kreasi hias lampion,di
bangun spot wisata mancing di pulau untung jawa sudah persen,bangun spot wisata mancing pulau untung jawa persen,di sudah
anies terima usul calon wagub dki dari gerindra dan pks,anies terima usul calon wagub dki gerindra pks,dari dan
taman kota rawasari akan lengkap skatepark,taman kota rawasari lengkap skatepark,akan
ajar ikut latih di ppkpi pasar rebo,ajar latih ppkpi pasar rebo,ikut di
asn camat pulau ribu selatan edukasi tanggulang bakar,asn camat pulau ribu selatan edukasi tanggulang bakar,
yuk ikut lomba mancing di pulau sebira,yuk lomba mancing pulau sebira,ikut di
dua sarang tawon di jaktim hasil evakuasi,sarang tawon jaktim hasil evakuasi,dua di
sylviana murni resmi lantik bagai tum pb satu squash indonesia,sylviana murni resmi lantik tum pb squash indonesia,bagai satu
pemkot jaksel tingkat sosialisasi kantong belanja ramah lingkung,pemkot jaksel tingkat sosialisasi kantong belanja ramah lingkung,
hujan prediksi guyur jakarta hingga siang hari,hujan prediksi guyur jakarta siang,hingga hari
sudin dukcapil jaksel dapat tambah blangko ektp,sudin dukcapil jaksel blangko ektp,dapat tambah
kembang ruang buka hijau di jakarta anies tinjau wajah baru taman puring,kembang ruang buka hijau jakarta anies tinjau wajah taman puring,di baru
aset lahan pemprov dki di jakut dalam proses sertifikasi,aset lahan pemprov dki jakut proses sertifikasi,di dalam
ini rangkai acara semarak raya imlek di jakarta,rangkai acara semarak raya imlek jakarta,ini di
baik dua rumah warga di kalianyar sudah persen,rumah warga kalianyar persen,baik dua di sudah
badan dapat daerah dki bakal gelar sensus pajak daerah,badan daerah dki gelar sensus pajak daerah,dapat bakal
catat ini jadwal ragam acara ancol lunar festival,catat jadwal ragam acara ancol lunar festival,ini
pagelaran seni dan budaya bakal pentas di tim,pagelaran seni budaya pentas tim,dan bakal di
asyik main di rumah pohon taman kompleks bersih cengkareng,asyik main rumah pohon taman kompleks bersih cengkareng,di
sudin sda jakpus sih salur air di jalan tambur i,sudin sda jakpus sih salur air jalan tambur i,di
syamsimar syukur rumah renovasi baznas bazis jaksel,syamsimar syukur rumah renovasi baznas bazis jaksel,
dua crossing salur bangun di tugu selatan,crossing salur bangun tugu selatan,dua di
dprd dki adakan rakor sosialisasi atur daerah di tahun,dprd dki adakan rakor sosialisasi atur daerah,di tahun
sudin sda jakbar tambah satu pompa mobile di patra,sudin sda jakbar pompa mobile patra,tambah satu di
dinas kpkp optimal tani kota di pulau ribu,dinas kpkp optimal tani kota pulau ribu,di
knpi pulau ribu gelar musyawarah kabupaten,knpi pulau ribu gelar musyawarah kabupaten,
bupati pimpin rapat papar program kerja,bupati pimpin rapat papar program kerja,
lurah pulau untung jawa bangun pos pantau di pesisir pantai sakura,lurah pulau untung jawa bangun pos pantau pesisir pantai sakura,di
asah kreativitas anak lewat lukis lampion imlek,asah kreativitas anak lukis lampion imlek,lewat
lurah pulau pari cantik spot wisata bukit pelangi,lurah pulau pari cantik spot wisata bukit pelangi,
sudin dukcapil jaktim gelar layan di rw cililitan,sudin dukcapil jaktim gelar layan rw cililitan,di
pt fstj sinergi dengan bank dki jaga tahan pangan jakarta,pt fstj sinergi bank dki jaga tahan pangan jakarta,dengan
salur air di jl pintu besar selatan kuras,salur air jl pintu selatan kuras,di besar
genang di jl di panjaitan sudah surut,genang jl panjaitan surut,di di sudah
taman rawa badak utara mulai operasi hari ini,taman rawa badak utara operasi,mulai hari ini
libur akhir pekan ratus wisatawan kunjung pantai cikaya,libur pekan ratus wisatawan kunjung pantai cikaya,akhir
siswa kolaborasi lukis lampion di sman jakarta,siswa kolaborasi lukis lampion sman jakarta,di
dua unit mobil madam kerah padam bakar di setu,unit mobil madam kerah padam bakar setu,dua di
revitalisasi medan merdeka optimal fungsi kawasan dengan konsep ruang buka hijau dan integrasi transportasi,revitalisasi medan merdeka optimal fungsi kawasan konsep ruang buka hijau integrasi transportasi,dengan dan
ribu kerja hadir konser safety excellence,ribu kerja hadir konser safety excellence,
jakarta prediksi hujan mulai pagi hari,jakarta prediksi hujan pagi,mulai hari
jelang imlek puluh anak ajar buat lampion,jelang imlek puluh anak ajar lampion,buat
samsat keliling di hbkb bundar hi layan wp,samsat keliling hbkb bundar hi layan wp,di
ada kerja lrt rute bus transjakarta ini alih,kerja lrt rute bus transjakarta alih,ada ini
jelang imlek stok bawang putih di jakarta aman,jelang imlek stok bawang putih jakarta aman,di
sekda tinjau sumur resap di rw srengseng sawah,sekda tinjau sumur resap rw srengseng sawah,di
soal banjir perlu tangan cara integrasi,banjir tangan integrasi,soal perlu cara
bmkg prediksi hari ini jakarta guyur hujan,bmkg prediksi jakarta guyur hujan,hari ini
pegawai dan pensiun bpd dki gelar raya natal,pegawai pensiun bpd dki gelar raya natal,dan
sudin sda jakbar tangan rembes di kali sekretaris,sudin sda jakbar tangan rembes kali sekretaris,di
genang di grogol selatan surut,genang grogol selatan surut,di
truk combi jetting kerah atas genang di jl gatot subroto,truk combi jetting kerah genang jl gatot subroto,atas di
ppsu sih lokasi dampak genang di lurah tengah,ppsu sih lokasi dampak genang lurah,di tengah
genang di mukim warga rawajati sudah surut,genang mukim warga rawajati surut,di sudah
di mukim warga kembang utara genang sudah surut,mukim warga kembang utara genang surut,di sudah
genang di tiga rw petogogan surut,genang rw petogogan surut,di tiga
kerah pompa mobile genang di tambur ii surut,kerah pompa mobile genang tambur ii surut,di
lurah sukabumi selatan distribusi makan siap saji,lurah sukabumi selatan distribusi makan saji,siap
depan citraland genang sudah surut,citraland genang surut,depan sudah
genang di mukim warga lurah gunung surut,genang mukim warga lurah gunung surut,di
genang di rw dan kampung melayu surut,genang rw kampung melayu surut,di dan
genang di mukim sukabumi selatan telah surut,genang mukim sukabumi selatan surut,di telah
tiga titik genang di cipulir telah surut,titik genang cipulir surut,tiga di telah
tugas laku semprot cair disinfektan di kampung melayu,tugas laku semprot cair disinfektan kampung melayu,di
tugas gabung atas genang di jl cikini raya,tugas gabung genang jl cikini raya,atas di
genang di jl di panjaitan surut,genang jl panjaitan surut,di di
tugas gabung tangan dampak luap sumur di jagal,tugas gabung tangan dampak luap sumur jagal,di
dalam alur jadi bahas di rembuk rw pulau tidung,alur bahas rembuk rw pulau tidung,dalam jadi di
satu ton eceng gondok angkut dari air pulau tidung,ton eceng gondok angkut air pulau tidung,satu dari
genang di jl tanjung duren raya surut,genang jl tanjung duren raya surut,di
tugas evakuasi biawak di rumah warga pulau tidung,tugas evakuasi biawak rumah warga pulau tidung,di
jakarta prediksi guyur hujan,jakarta prediksi guyur hujan,
ribu pjlp camat menteng dapat makan gratis,ribu pjlp camat menteng makan gratis,dapat
poktan gang hijau asmat buka latih urban farming,poktan gang hijau asmat buka latih urban farming,
tugas ppsu kramat jati ikut periksa sehat gratis,tugas ppsu kramat jati periksa sehat gratis,ikut
sudin hutan jaksel tangan pohon rawan tumbang,sudin hutan jaksel tangan pohon rawan tumbang,
poktan gang hijau asmat produksi minum sehat dari sayur dan toga,poktan gang hijau asmat produksi minum sehat sayur toga,dari dan
bedah rumah warga di taman sari rampung,bedah rumah warga taman sari rampung,di
kaji awat kulit dan rambut gelar di balai kota,kaji awat kulit rambut gelar balai kota,dan di
bangun dua kantor lurah di jakbar rampung,bangun kantor lurah jakbar rampung,dua di
pemkab bnn terus tingkat waspada edar narkoba,pemkab bnn tingkat waspada edar narkoba,terus
tugas sih goronggorong jl angkasa,tugas sih goronggorong jl angkasa,
pohon lindung tanam di hutan kota pt jiep,pohon lindung tanam hutan kota pt jiep,di
pemkot jaksel gelar psn di rw lurah jagakarsa,pemkot jaksel gelar psn rw lurah jagakarsa,di
rembuk rw lurah pulau pari bahas kembang pariwisata,rembuk rw lurah pulau pari bahas kembang pariwisata,
sudin dukcapil jaksel mulai distribusi ribu ektp ke warga,sudin dukcapil jaksel distribusi ribu ektp warga,mulai ke
pkk pulau harap terus benah jelang lomba tingkat nasional,pkk pulau harap benah jelang lomba tingkat nasional,terus
tiga kantor perintah di jakut akan renovasi total,kantor perintah jakut renovasi total,tiga di akan
tugas gelar razia makan kedaluwarsa di pulau kelapa,tugas gelar razia makan kedaluwarsa pulau kelapa,di
resmi rangkai bulan k dki jakarta anies prioritas sadar selamat dan sehat kerja,resmi rangkai k dki jakarta anies prioritas sadar selamat sehat kerja,bulan dan
salur phb di susu bersih,salur phb susu bersih,di
ppkpi pasar rebo bakal gelar latih kerja,ppkpi pasar rebo gelar latih kerja,bakal
tugas evakuasi ular sanca di pulau payung,tugas evakuasi ular sanca pulau payung,di
jumlah tumpang transjakarta tingkat signifikan,tumpang transjakarta tingkat signifikan,jumlah
bakar rumah makan di cipayung hasil padam,bakar rumah makan cipayung hasil padam,di
lift jpo pasar minggu dan daan mogot target operasi maret,lift jpo pasar minggu daan mogot target operasi maret,dan
hujan prediksi guyur jakarta mulai siang hari,hujan prediksi guyur jakarta siang,mulai hari
tingkat sejahtera guru agama di jakarta anies terima piagam harga kemenag ri,tingkat sejahtera guru agama jakarta anies terima piagam harga kemenag ri,di
gor bulungan jadi pilih lokasi latih bola voli warga,gor bulungan pilih lokasi latih bola voli warga,jadi
sudin pusip jaksel restorasi arsip warga dampak banjir,sudin pusip jaksel restorasi arsip warga dampak banjir,
senator asal dki bantu korban banjir jabodetabek,senator dki bantu korban banjir jabodetabek,asal
ppkpi pasar rebo lengkap co working space,ppkpi pasar rebo lengkap co working space,
dprd apresiasi prestasi dki di sustainable transport award,dprd apresiasi prestasi dki sustainable transport award,di
warga kampung dongkel dapat layan restorasi arsip,warga kampung dongkel layan restorasi arsip,dapat
asn imbau waspada sakit leptospirosis,asn imbau waspada sakit leptospirosis,
jakarta dapat harga internasional di bidang transportasi,jakarta harga internasional bidang transportasi,dapat di
tata salur jadi prioritas usul warga pulau panggang,tata salur prioritas usul warga pulau panggang,jadi
puluh mahasiswa aiesec ajar urban farming di jakpus,puluh mahasiswa aiesec ajar urban farming jakpus,di
longok wajah baru taman puring,longok wajah taman puring,baru
warga apresiasi layan jemput bola sudin dukcapil jaktim,warga apresiasi layan jemput bola sudin dukcapil jaktim,
rembuk rw pulau untung jawa prioritas bangun fisik,rembuk rw pulau untung jawa prioritas bangun fisik,
gedung wali kota jakarta barat cantik ornamen betawi,gedung wali kota jakarta barat cantik ornamen betawi,
bedah rumah warga di manggis rampung,bedah rumah warga manggis rampung,di
biro ekonomi adakan seminar bisnis umkm,biro ekonomi adakan seminar bisnis umkm,
ki provinsi dki gelar seleksi calon anggota periode,ki provinsi dki gelar seleksi calon anggota periode,
buru tanam hias di sentra flona seman,buru tanam hias sentra flona seman,di
pd dharma jaya kunjung organisasi pangan dan tani pbb,pd dharma jaya kunjung organisasi pangan tani pbb,dan
pulau karya milik spot wisata pantai cikaya,pulau karya milik spot wisata pantai cikaya,
sudin pusip jaktim siap pojok baca di paud negeri,sudin pusip jaktim pojok baca paud negeri,siap di
yuk icipicip makan khas imlek di thamrin,yuk icipicip makan khas imlek thamrin,di
lurah malaka jaya sosialisasi larang parkir,lurah malaka jaya sosialisasi larang parkir,
tugas rumah pompa beri bingkis sembako,tugas rumah pompa bingkis sembako,beri
pulau ribu jadi lokasi studi budaya mahasiswa indonesiabelanda,pulau ribu lokasi studi budaya mahasiswa indonesiabelanda,jadi
sudin dukcapil jaksel terima ribu blangko ektp,sudin dukcapil jaksel terima ribu blangko ektp,
tugas evakuasi sarang tawon di smpn pulau tidung,tugas evakuasi sarang tawon smpn pulau tidung,di
gedung dprd dki lengkap videotron,gedung dprd dki lengkap videotron,
rptra cinta aselih cipedak mulai operasi,rptra cinta aselih cipedak operasi,mulai
wakil bupati pimpin tata sisi timur pulau karya,wakil bupati pimpin tata sisi timur pulau karya,
bedah rumah warga rw kalianyar rampung,bedah rumah warga rw kalianyar rampung,
up pkb pulogadung bagi smart card,up pkb pulogadung smart card,bagi
tugas evakuasi sarang tawon di duren sawit,tugas evakuasi sarang tawon duren sawit,di
pemkot jakpus ajak warga alih guna tumbler,pemkot jakpus ajak warga alih tumbler,guna
kad sda cek dua rumah pompa di jakpus,kad sda cek rumah pompa jakpus,dua di
yuk buru ikan cupang hias di sentra flona seman,yuk buru ikan cupang hias sentra flona seman,di
warga dampak banjir di jakbar terima dokumen duduk,warga dampak banjir jakbar terima dokumen duduk,di
kilometer trotoar di jakpus revitalisasi tahun ini,kilometer trotoar jakpus revitalisasi,di tahun ini
tugas ppsu pela mampang ikut periksa sehat,tugas ppsu pela mampang periksa sehat,ikut
pt jiep salur paket bantu untuk warga dampak banjir,pt jiep salur paket bantu warga dampak banjir,untuk
dprd dki serap aspirasi paguyuban usaha jalan sabang,dprd dki serap aspirasi paguyuban usaha jalan sabang,
dinas didik adakan gebyar kreativitas dan literasi siswa sma,dinas didik adakan gebyar kreativitas literasi siswa sma,dan
ajar smkn situraja sumedang studi tur ke jsc,ajar smkn situraja sumedang studi tur jsc,ke
salur air di jalan purwa iii cipedak normalisasi,salur air jalan purwa iii cipedak normalisasi,di
warga dampak banjir di cipinang muara terima bantu,warga dampak banjir cipinang muara terima bantu,di
siswa smk dari bandung ajar desain nuansa pondok kelapa,siswa smk bandung ajar desain nuansa pondok kelapa,dari
bupati pulau ribu ikan arah pada pjlp,bupati pulau ribu ikan arah pjlp,pada
ketua komisi a ingin kurang blangko ktpel segera atas,ketua komisi a blangko ktpel,ingin kurang segera atas
tugas evakuasi ular sanca di pulau lancang,tugas evakuasi ular sanca pulau lancang,di
warga dampak banjir dapat layan restorasi arsip,warga dampak banjir layan restorasi arsip,dapat
layan sedot tangki septik gratis pd pal jaya apresiasi warga,layan sedot tangki septik gratis pd pal jaya apresiasi warga,
dinas kpkp terus pasti aman pangan di jakarta,dinas kpkp aman pangan jakarta,terus pasti di
sudin kpkp jaksel jual pangan murah di rptra shibi,sudin kpkp jaksel jual pangan murah rptra shibi,di
anggota komisi c ingin anggar tanggulang banjir tambah,anggota komisi c anggar tanggulang banjir,ingin tambah
titik jalan rusak di jaksel rampung baik,titik jalan rusak jaksel rampung,di baik
bagi wilayah jakarta prediksi hujan,wilayah jakarta prediksi hujan,bagi
pjlp dan ppsu camat gropet ikut periksa sehat,pjlp ppsu camat gropet periksa sehat,dan ikut
ini jadwal sosialisasi perda perdana di tahun,jadwal sosialisasi perda perdana,ini di tahun
tugas basmi ulat bulu di rumah primkopti setu,tugas basmi ulat bulu rumah primkopti setu,di
dinas kpkp adakan temu suluh tani sedki jakarta,dinas kpkp adakan temu suluh tani sedki jakarta,
bupati beri arah kepada para jabat baru,bupati arah jabat,beri kepada para baru
rancang atur tatib dprd dki segera sah,rancang atur tatib dprd dki sah,segera
sekda minta jajar di pemprov dki kuasa crm,sekda jajar pemprov dki kuasa crm,minta di
cegah dbd sekko jaktim pimpin psn di palmeriam,cegah dbd sekko jaktim pimpin psn palmeriam,di
jalan lubang di camat senen baik,jalan lubang camat senen,di baik
ratus paket pangan murah ludes serbu warga,ratus paket pangan murah ludes serbu warga,
tugas ppsu lurah cikini ikut tes sehat,tugas ppsu lurah cikini tes sehat,ikut
komisi e sepakat tunjang kerja guru madrasah perlu tingkat,komisi e sepakat tunjang kerja guru madrasah tingkat,perlu
lima kilogram ikan lele panen di rptra beringin,kilogram ikan lele panen rptra beringin,lima di
dinas dukcapil terima alokasi ribu blangko ktpel,dinas dukcapil terima alokasi ribu blangko ktpel,
sudinhub jaksel sosialisasi cara kendara aman ke kemudi jaklingko,sudinhub jaksel sosialisasi kendara aman kemudi jaklingko,cara ke
dinas gulkaramat dki terus tingkat profesionalisme,dinas gulkaramat dki tingkat profesionalisme,terus
sekda lantik jabat eselon iii dan iv,sekda lantik jabat eselon iii iv,dan
puskesmas dan kader jumantik galak psn di pulau pramuka,puskesmas kader jumantik galak psn pulau pramuka,dan di
tugas baik turap longsor di jl di panjaitan,tugas turap longsor jl panjaitan,baik di di
fkdm camat kebon jeruk gelar raker,fkdm camat kebon jeruk gelar raker,
dinsos kuat layan dukung psikososial,dinsos kuat layan dukung psikososial,
warga apresiasi ada jpo pasar minggu,warga apresiasi jpo pasar minggu,ada
bmkg prediksi jakarta guyur hujan sejak pagi hari,bmkg prediksi jakarta guyur hujan pagi,sejak hari
satpel sda jagakarsa baik salur air dan turap,satpel sda jagakarsa salur air turap,baik dan
sudin sehat jaksel siaga posko di lokasi rawan banjir,sudin sehat jaksel siaga posko lokasi rawan banjir,di
wali kota jakbar damping komisi a tinjau jumlah rumah pompa,wali kota jakbar damping komisi a tinjau rumah pompa,jumlah
dinas sda pasti pompa dalam kondisi prima,dinas sda pompa kondisi prima,pasti dalam
anggota dprd tinjau kondisi lima rumah pompa di jakarta,anggota dprd tinjau kondisi rumah pompa jakarta,lima di
tugas tanggulang banjir beri periksa sehat gratis,tugas tanggulang banjir periksa sehat gratis,beri
dispusip restorasi arsip warga dampak banjir,dispusip restorasi arsip warga dampak banjir,
lurah pulau harap adakan sosialisasi rembuk rw,lurah pulau harap adakan sosialisasi rembuk rw,
anggota komisi e ini ajak warga tak buang sampah sembarang,anggota komisi e ajak warga buang sampah sembarang,ini tak
tugas evakuasi ular piton dari mukim warga di susu,tugas evakuasi ular piton mukim warga susu,dari di
warna warni mural cantik kampung cempaka ceria di rawa buaya,warna warni mural cantik kampung cempaka ceria rawa buaya,di
pulau karya lengkap wahana main untuk anak,pulau karya lengkap wahana main anak,untuk
tp pkk jaksel bantu warga dampak banjir di kebon baru,tp pkk jaksel bantu warga dampak banjir kebon,di baru
area thamrin segera milik fasilitas keran air siap minum,area thamrin milik fasilitas keran air minum,segera siap
pemkot jakbar terima kunjung komisi a dprd,pemkot jakbar terima kunjung komisi a dprd,
layan restorasi arsip gelar di rptra permata intan,layan restorasi arsip gelar rptra permata intan,di
dinas kpkp layan periksa hewan dampak banjir,dinas kpkp layan periksa hewan dampak banjir,
lmk pademangan timur ajar kembang pariwisata pulau harap,lmk pademangan timur ajar kembang pariwisata pulau harap,
pkk lurah pulau pari panen sayur,pkk lurah pulau pari panen sayur,
sudin sda jaksel baik turap longsor di tebet,sudin sda jaksel turap longsor tebet,baik di
mulai februari guna layan transjakarta wajib tap in tap out,februari layan transjakarta wajib tap in tap out,mulai guna
siswa smk ikut latih terampil di ppkpi pasar rebo,siswa smk latih terampil ppkpi pasar rebo,ikut di
ribu ton sampah pascabanjir angkut ke tpst bantar gebang,ribu ton sampah pascabanjir angkut tpst bantar gebang,ke
salur air di jalan taman bukit duri keruk,salur air jalan taman bukit duri keruk,di
hujan prediksi guyur jakarta mulai pagi hari,hujan prediksi guyur jakarta pagi,mulai hari
urus icmi muda pulau ribu kukuh,urus icmi muda pulau ribu kukuh,
warga rawa badak selatan manfaat obat gratis,warga rawa badak selatan manfaat obat gratis,
warga senang taman bersih cengkareng lengkap rumah pohon,warga senang taman bersih cengkareng lengkap rumah pohon,
pemkot jaksel gelar superball run th edition,pemkot jaksel gelar superball run th edition,
lurah cawang salur bantu untuk warga dampak banjir,lurah cawang salur bantu warga dampak banjir,untuk
jakarta prediksi cerah awan,jakarta prediksi cerah awan,
lurah pulau tidung giat bibit pohon kelor,lurah pulau tidung giat bibit pohon kelor,
sudin dukcapil jaktim layan aju adminduk korban banjir,sudin dukcapil jaktim layan aju adminduk korban banjir,
sanggar mekar jaya rutin tampil wayang kulit betawi,sanggar mekar jaya rutin tampil wayang kulit betawi,
distribusi pangan subsidi di jakarta barat sambut antusias,distribusi pangan subsidi jakarta barat sambut antusias,di
dinas sda pasti pompa di rumah pompa waduk muara angke kondisi prima,dinas sda pompa rumah pompa waduk muara angke kondisi prima,pasti di
langkah transjakarta hadap musim hujan,langkah transjakarta hadap musim hujan,
upt pusyankeswannak dinas kpkp dki layan hewan pelihara dampak banjir,upt pusyankeswannak dinas kpkp dki layan hewan pelihara dampak banjir,
dinas sehat beri layan komprehensif bagi warga dampak banjir,dinas sehat layan komprehensif warga dampak banjir,beri bagi
mrt fase ii mulai garap maret,mrt fase ii garap maret,mulai
jakarta prediksi guyur hujan,jakarta prediksi guyur hujan,
raya natal sama di gbi mawar saron,raya natal gbi mawar saron,sama di
dinas nakertrans dan energi dki bakal adakan konser safety excellence,dinas nakertrans energi dki adakan konser safety excellence,dan bakal
angkut sampah sisa banjir kebut,angkut sampah sisa banjir kebut,
sudin hutan jakbar bantu tangan sampah di kedaung kali angke,sudin hutan jakbar bantu tangan sampah kedaung kali angke,di
dprd dki tinjau proyek aman pantai di muara baru,dprd dki tinjau proyek aman pantai muara,di baru
bersih salur jalan gatot subroto kerah truk combi jetting,bersih salur jalan gatot subroto kerah truk combi jetting,
karyawan dan phl pd pal jaya dapat santun,karyawan phl pd pal jaya santun,dan dapat
rambu dua arah pasang di jalan labu,rambu arah pasang jalan labu,dua di
buru busana cheongsam di kawasan glodok,buru busana cheongsam kawasan glodok,di
jl inspeksi kali ciliwung bersih,jl inspeksi kali ciliwung bersih,
dprd sleman akan adopsi sistem musrenbang di dki,dprd sleman adopsi sistem musrenbang dki,akan di
dinas kpkp dan dua bumd sepakat kerja sama pangan murah subsidi,dinas kpkp bumd sepakat kerja pangan murah subsidi,dan dua sama
sudin dukcapil jaksel jemput bola layan warga dampak banjir,sudin dukcapil jaksel jemput bola layan warga dampak banjir,
dprd sleman ajar smart city di diskominfotik dki,dprd sleman ajar smart city diskominfotik dki,di
sudin sosial jakarta timur masih operasi dapur umum,sudin sosial jakarta timur operasi dapur,masih umum
jeju special selfgoverning provincial council kunker ke dprd dki,jeju special selfgoverning provincial council kunker dprd dki,ke
tugas atas genang di rw pulau tidung,tugas genang rw pulau tidung,atas di
ppkd jaktim buka daftar latih kerja untuk juru,ppkd jaktim buka daftar latih kerja juru,untuk
mrt jakarta dan pt kai sepakat janji tata stasiun,mrt jakarta pt kai sepakat janji tata stasiun,dan
tugas atas genang di plaza kabupaten,tugas genang plaza kabupaten,atas di
forkompimko jaktim tanam pohon di kampung melayu,forkompimko jaktim tanam pohon kampung melayu,di
ini langkah ancol jaga dan lestari lingkung,langkah ancol jaga lestari lingkung,ini dan
kawasan glodok mulai ramai dagang pernak pernik imlek,kawasan glodok ramai dagang pernak pernik imlek,mulai
siswa dampak banjir di jaring terima bantu seragam,siswa dampak banjir jaring terima bantu seragam,di
bakar buah minibus di cawang hasil padam,bakar buah minibus cawang hasil padam,di
sama menteri bumn dan kemenhub pemprov dki kolaborasi diri pt moda integrasi transportasi jabodetabek,menteri bumn kemenhub pemprov dki kolaborasi pt moda integrasi transportasi jabodetabek,sama dan diri
hujan prediksi guyur jakarta pada pagi dan siang hari,hujan prediksi guyur jakarta pagi siang,pada dan hari
bakar dua rumah di karet kuningan hasil padam,bakar rumah karet kuningan hasil padam,dua di
bedah rumah warga di krendang rampung,bedah rumah warga krendang rampung,di
besok ada raya natal sama di gbi mawar saron,besok raya natal gbi mawar saron,ada sama di
warga dampak banjir di rawabuaya terima bantu dari dwp dki,warga dampak banjir rawabuaya terima bantu dwp dki,di dari
dprd dukung pemprov laku tangan pascabanjir,dprd dukung pemprov laku tangan pascabanjir,
larang guna kantong plastik sosialisasi di pasar tradisional,larang kantong plastik sosialisasi pasar tradisional,guna di
ajar smpn jakarta galang dana peduli bencana,ajar smpn jakarta galang dana peduli bencana,
tugas ppsu bantu bersih sampah di cililitan,tugas ppsu bantu bersih sampah cililitan,di
anggota pramuka ikut kerja bakti di rawa buaya,anggota pramuka kerja bakti rawa buaya,ikut di
layan mobil keliling ptsp di jagal gelar sampai besok,layan mobil keliling ptsp jagal gelar besok,di sampai
pompa mobile siaga antisipasi naik muka air laut,pompa mobile siaga antisipasi muka air laut,naik
pd pal jaya sih sampah dalam pipa di kawasan scbd,pd pal jaya sih sampah pipa kawasan scbd,dalam di
warga dampak banjir di matraman terima bantu,warga dampak banjir matraman terima bantu,di
sudin prkp pulau ribu bangun gapura di tiga pulau,sudin prkp pulau ribu bangun gapura pulau,di tiga
satgas tanggulang banjir jaksel siaga personel,satgas tanggulang banjir jaksel siaga personel,
satgas sda kerah baik turap longsor di kali sunter,satgas sda kerah turap longsor kali sunter,baik di
dinas kpkp monev pangan subsidi,dinas kpkp monev pangan subsidi,
sekda tinjau kondisi hilir sungai di muara angke,sekda tinjau kondisi hilir sungai muara angke,di
legislator dari tujuh daerah kunker ke dprd dki jakarta,legislator tujuh daerah kunker dprd dki jakarta,dari ke
mrt jakarta sedia pin khusus untuk tumpang prioritas,mrt jakarta sedia pin khusus tumpang prioritas,untuk
tugas gabung sih sampah di seman,tugas gabung sih sampah seman,di
wakil ketua dprd dukung laku rekayasa cuaca,wakil ketua dprd dukung laku rekayasa cuaca,
warga pulau tidung bagi bibit tanam gratis,warga pulau tidung bibit tanam gratis,bagi
rptra widya bahari cantik,rptra widya bahari cantik,
bapomi apresiasi pemprov dki sukses pomnas xvi,bapomi apresiasi pemprov dki sukses pomnas xvi,
dwp dki jakarta salur bantu untuk warga dampak banjir di cililitan,dwp dki jakarta salur bantu warga dampak banjir cililitan,untuk di
warga ajak tetap jaga perilaku hidup sehat,warga ajak jaga perilaku hidup sehat,tetap
baik jembatan kali cakung lama target rampung pekan ini,jembatan kali cakung target rampung pekan,baik lama ini
personel ppsu sih sampah di pulogadung,personel ppsu sih sampah pulogadung,di
jakarta prediksi hujan mulai pagi hari,jakarta prediksi hujan pagi,mulai hari
tugas ppsu sih lumpur dan sampah di rw adegan,tugas ppsu sih lumpur sampah rw adegan,dan di
kolong flyover cipinang tanam sayur mayur,kolong flyover cipinang tanam sayur mayur,
antisipasi cuaca ekstrem bpbd ajak warga jaga kondisi salur air,antisipasi cuaca ekstrem bpbd ajak warga jaga kondisi salur air,
biro tapem dki gelar bekal tangan bencana,biro tapem dki gelar bekal tangan bencana,
puskesmas palmerah layan warga dampak banjir,puskesmas palmerah layan warga dampak banjir,
misan samsuri ingin pimpin tinggi pratama lantik tunjuk kerja baik,misan samsuri pimpin pratama lantik kerja,ingin tinggi tunjuk baik
layan ungsi di lurah adegan dapat apresiasi warga,layan ungsi lurah adegan apresiasi warga,di dapat
sudin dukcapil jaksel terima aju dokumen adminduk korban banjir,sudin dukcapil jaksel terima aju dokumen adminduk korban banjir,
cucu ahmad kurnia siap maju sektor parekraf di jakarta,cucu ahmad kurnia maju sektor parekraf jakarta,siap di
anies kukuh kepala kantor regional v bkn dan jabat pimpin tinggi pratama pemprov dki,anies kukuh kepala kantor regional v bkn jabat pimpin pratama pemprov dki,dan tinggi
wakil wali kota jakbar monitoring angkut sampah sisa banjir,wakil wali kota jakbar monitoring angkut sampah sisa banjir,
lihat geliat peluk jalan di kawasan kota tua,lihat geliat peluk jalan kawasan kota tua,di
pemkab gelar rakor cepat mudah investasi,pemkab gelar rakor cepat mudah investasi,
karung pasir siap antisipasi rob di jaring,karung pasir antisipasi rob jaring,siap di
warga dampak banjir di jagal beri layan adminduk,warga dampak banjir jagal layan adminduk,di beri
satpol pp pulogadung diri posko siaga bencana,satpol pp pulogadung posko siaga bencana,diri
warga adegan telah tinggal ungsi,warga adegan tinggal ungsi,telah
tugas tangan turap kali sunter yang longsor di jl kayu mas utara baru,tugas tangan turap kali sunter longsor jl kayu mas utara,yang di baru
lurah pulau untung jawa bangun posko tanggap bencana,lurah pulau untung jawa bangun posko tanggap bencana,
nelayan imbau waspada gelombang tinggi,nelayan imbau waspada gelombang,tinggi
siap stok beras food station tanam padi sama tani indramayu,stok beras food station tanam padi tani indramayu,siap sama
antisipasi rob sudin sda jakut siaga pompa mobile,antisipasi rob sudin sda jakut siaga pompa mobile,
sudinhub jaksel alih tujuh trayek angkut umum,sudinhub jaksel alih tujuh trayek angkut,umum
warga antusias datang khk gratis di kantor dinas kpkp,warga antusias khk gratis kantor dinas kpkp,datang di
genang di mukim warga cengkareng timur sudah surut,genang mukim warga cengkareng timur surut,di sudah
food station pasti stok beras aman,food station stok beras aman,pasti
ancol siap langkah antisipasi rob,ancol langkah antisipasi rob,siap
lurah adegan masih operasi dapur umum,lurah adegan operasi dapur,masih umum
dinkes intensif semprot disinfektan di lokasi dampak banjir,dinkes intensif semprot disinfektan lokasi dampak banjir,di
perumda pasar jaya akan bangun lokasi etalase kuliner,perumda pasar jaya bangun lokasi etalase kuliner,akan
jakarta prediksi hujan hari ini,jakarta prediksi hujan,hari ini
turap longsor di kali cakung mulai baik,turap longsor kali cakung,di mulai baik
sudin pe laku awat gardu listrik di pulau pari,sudin pe laku awat gardu listrik pulau pari,di
dinas kpkp distribusi pangan subsidi tahun,dinas kpkp distribusi pangan subsidi,tahun
pmi jaksel suplai liter air bersih bagi ungsi banjir,pmi jaksel suplai liter air bersih ungsi banjir,bagi
ratus tugas gabung sih sampah di kedoya,ratus tugas gabung sih sampah kedoya,di
satgas sda jaktim baik tanggul di lurah dukuh,satgas sda jaktim tanggul lurah dukuh,baik di
ada gelar produk ukm di bazar balai kota,gelar produk ukm bazar balai kota,ada di
anggota dprd dki jakarta tinjau lokasi banjir di seman,anggota dprd dki jakarta tinjau lokasi banjir seman,di
personel satpol pp masih kerah rehabilitasi pascabanjir,personel satpol pp kerah rehabilitasi pascabanjir,masih
wakil bupati pimpin tata kawasan pulau karya,wakil bupati pimpin tata kawasan pulau karya,
tugas gabung kerja bakti di adegan,tugas gabung kerja bakti adegan,di
sekda tinjau posko ungsi banjir di gor pancoran,sekda tinjau posko ungsi banjir gor pancoran,di
pohon tumbang di jl raya bogor evakuasi,pohon tumbang jl raya bogor evakuasi,di
satpol pp kerah sih sampah di sman jakarta,satpol pp kerah sih sampah sman jakarta,di
hadir rtm tangan banjir anies lapor kondisi kini posko ungsi,hadir rtm tangan banjir anies lapor kondisi posko ungsi,kini
opd bidang perintah minta optimal serap anggar,opd bidang perintah optimal serap anggar,minta
pal jaya ikan layan sedot tangki septik gratis bagi warga dampak banjir,pal jaya ikan layan sedot tangki septik gratis warga dampak banjir,bagi
pemkab perumda pasar jaya bahas tambah lokasi jakgrosir,pemkab perumda pasar jaya bahas lokasi jakgrosir,tambah
dinas dukcapil cetak dokumen adminduk ganti warga dampak banjir,dinas dukcapil cetak dokumen adminduk ganti warga dampak banjir,
wali kota jaktim pimpin kerja bakti di kramat jati,wali kota jaktim pimpin kerja bakti kramat jati,di
rptra tidung ceria panen sayur,rptra tidung ceria panen sayur,
pt kbn distribusi bantu sembako untuk warga dampak banjir,pt kbn distribusi bantu sembako warga dampak banjir,untuk
sarang tawon diameter sentimeter evakuasi tugas,sarang tawon diameter sentimeter evakuasi tugas,
dinkes layan warga dampak banjir,dinkes layan warga dampak banjir,
jakarta prediksi hujan sejak pagi hari,jakarta prediksi hujan pagi,sejak hari
satpol pp dki tutup new monggo mas,satpol pp dki tutup new monggo mas,
urus rt rw dan kader jumantik ikut wisata gratis ke ancol,urus rt rw kader jumantik wisata gratis ancol,dan ikut ke
tiang reklame rawan roboh di jaring tertib,tiang reklame rawan roboh jaring tertib,di
tugas semprot cair disinfektan di kramat jati,tugas semprot cair disinfektan kramat jati,di
ton sampah angkut dari camat kramat jati,ton sampah angkut camat kramat jati,dari
warga dampak banjir di cengkareng terima puluh dokumen adminduk,warga dampak banjir cengkareng terima puluh dokumen adminduk,di
jumlah ungsi banjir di jakbar turun,ungsi banjir jakbar turun,jumlah di
bupati pulau ribu terima audiensi hipo dki,bupati pulau ribu terima audiensi hipo dki,
upk badan air jakbar sih sampah di kali kbb,upk badan air jakbar sih sampah kali kbb,di
posko sehat di jagal sudah layan warga,posko sehat jagal layan warga,di sudah
luncur aplikasi eorder sambut positif para umkm,luncur aplikasi eorder sambut positif umkm,para
satgas sda jagakarsa tangan tebing longsor jl h shibi,satgas sda jagakarsa tangan tebing longsor jl h shibi,
ton sampah angkut dari lurah kalianyar,ton sampah angkut lurah kalianyar,dari
dinas kpkp pasti stok pangan di jakarta aman,dinas kpkp stok pangan jakarta aman,pasti di
ton sampah pasca banjir di jakut hasil angkut,ton sampah pasca banjir jakut hasil angkut,di
pemkot jakut atas genang di lurah jagal,pemkot jakut genang lurah jagal,atas di
dinas gulkarmat bantu tangan bangun roboh di jakbar,dinas gulkarmat bantu tangan bangun roboh jakbar,di
mohamad taufik serah persen hasil dewan bantu korban banjir,mohamad taufik serah persen hasil dewan bantu korban banjir,
giat ajar ajar di smpn kembali normal,giat ajar ajar smpn normal,di kembali
tugas gabung sih sampah di kramat jati,tugas gabung sih sampah kramat jati,di
ppkd jaktim salur bantu bagi warga dampak banjir di lurah makasar,ppkd jaktim salur bantu warga dampak banjir lurah makasar,bagi di
lurahcamat imbau siaga tugas ppsu di wilayah rawan genang,lurahcamat imbau siaga tugas ppsu wilayah rawan genang,di
sarpras di lurah pulau kelapa cantik,sarpras lurah pulau kelapa cantik,di
dinas bina marga kerah personel untuk rehabilitasi pascabanjir,dinas bina marga kerah personel rehabilitasi pascabanjir,untuk
dharma wanita satu dki kunjung warga dampak banjir di jagal,dharma wanita dki kunjung warga dampak banjir jagal,satu di
pd pal jaya salur galon air mineral di duri kosambi,pd pal jaya salur galon air mineral duri kosambi,di
pemprov dki luncur eorder di balai kota,pemprov dki luncur eorder balai kota,di
pintu air pasar ikan status siaga,pintu air pasar ikan status siaga,
layan seluruh rute transjakarta sudah kembali normal,layan rute transjakarta normal,seluruh sudah kembali
tugas gabung sih sampah di kayu putih,tugas gabung sih sampah kayu putih,di
bmkg prediksi jakarta guyur hujan mulai pagi hari,bmkg prediksi jakarta guyur hujan pagi,mulai hari
sudin lh jakbar kerah tugas dalam kerja bakti,sudin lh jakbar kerah tugas kerja bakti,dalam
ratus rawan gojek distribusi ribu paket bantu bagi korban banjir,ratus rawan gojek distribusi ribu paket bantu korban banjir,bagi
warga apresiasi tangan genang di jagal,warga apresiasi tangan genang jagal,di
ketua komisi a bantu korban banjir di jakarta timur,ketua komisi a bantu korban banjir jakarta timur,di
dinas kpkp buka klinik hewan keliling gratis,dinas kpkp buka klinik hewan keliling gratis,
dinas didik pasti genang di sekolah sudah kering,dinas didik genang sekolah kering,pasti di sudah
bprd salur bantu bagi korban banjir di bintaro,bprd salur bantu korban banjir bintaro,bagi di
ketua dpd ri salur bantu kepada warga dampak banjir,ketua dpd ri salur bantu warga dampak banjir,kepada
rehabilitasi pasca banjir di jaktim laku hingga tuntas,rehabilitasi pasca banjir jaktim laku tuntas,di hingga
kodim kerah personel ikut kerja bakti di jakarta timur,kodim kerah personel kerja bakti jakarta timur,ikut di
mahasiswa ikut bantu kerja bakti di rawa jati,mahasiswa bantu kerja bakti rawa jati,ikut di
dinas lh kerah personel ikut kerja bakti,dinas lh kerah personel kerja bakti,ikut
tugas gabung sih jl yos sudarso dan boulevard kelapa gading,tugas gabung sih jl yos sudarso boulevard kelapa gading,dan
sumringahnya pasang nikah di lokasi dampak banjir kunjung anies,sumringahnya pasang nikah lokasi dampak banjir kunjung anies,di
ormas dan komunitas ikut kerja bakti rehabilitasi pasca banjir di kramat jati,ormas komunitas kerja bakti rehabilitasi pasca banjir kramat jati,dan ikut di
pasca banjir pemprov dki gelar kerja bakti sama warga,pasca banjir pemprov dki gelar kerja bakti warga,sama
pemkot jakut maksimal tangan genang di jagal,pemkot jakut maksimal tangan genang jagal,di
personel ikut kerja bakti di wilayah petogogan,personel kerja bakti wilayah petogogan,ikut di
tugas gabung dan warga kerja bakti di kedoya utara,tugas gabung warga kerja bakti kedoya utara,dan di
wilayah dampak banjir di tambur semprot disinfektan,wilayah dampak banjir tambur semprot disinfektan,di
wali kota jaksel pimpin personel sih lumpur di rumah warga,wali kota jaksel pimpin personel sih lumpur rumah warga,di
orang ikut kerja bakti pasca banjir di duren sawit,orang kerja bakti pasca banjir duren sawit,ikut di
warga apresiasi anies turun langsung bantu sih lingkung pasca banjir,warga apresiasi anies turun langsung bantu sih lingkung pasca banjir,
supporter persitara ikut kerja bakti lingkung,supporter persitara kerja bakti lingkung,ikut
kerja bakti di tambur personel gabung dan warga bahumembahu sih lumpur,kerja bakti tambur personel gabung warga bahumembahu sih lumpur,di dan
semprot disinfektan di gangsa dua kerah tugas gabung,semprot disinfektan gangsa kerah tugas gabung,di dua
transjakarta koridor masih setop operasi,transjakarta koridor setop operasi,masih
ratus personel gabung kerja bakti di kampung melayu,ratus personel gabung kerja bakti kampung melayu,di
kerja bakti pasca banjir di rawa jati,kerja bakti pasca banjir rawa jati,di
pintu air di jakarta dan sekitar masih normal,pintu air jakarta normal,di dan sekitar masih
bmkg prediksi hari ini jakarta guyur hujan,bmkg prediksi jakarta guyur hujan,hari ini
sudin sda jakbar kerah lima pompa mobile atas genang,sudin sda jakbar kerah pompa mobile genang,lima atas
bekas lokasi banjir di cipinang melayu beri cair disinfektan,bekas lokasi banjir cipinang melayu cair disinfektan,di beri
status pintu air di jakarta dan sekitar siaga,status pintu air jakarta siaga,di dan sekitar
pemprov dki pasti giat belajarmengajar jalan lancar bagi sekolah dampak banjir,pemprov dki giat belajarmengajar jalan lancar sekolah dampak banjir,pasti bagi
beton mcb di jl daan mogot rapi,beton mcb jl daan mogot rapi,di
sudin sda jakbar tambah tiga pompa mobile di seman,sudin sda jakbar pompa mobile seman,tambah tiga di
pemkot jaksel sih mukim warga dampak banjir di adegan,pemkot jaksel sih mukim warga dampak banjir adegan,di
pmi jakpus lisol mukim dampak banjir di kwitang,pmi jakpus lisol mukim dampak banjir kwitang,di
wakil wali kota jakpus pimpin kerja bakti di kwitang,wakil wali kota jakpus pimpin kerja bakti kwitang,di
ton sampah angkut dari cipinang melayu,ton sampah angkut cipinang melayu,dari
tugas gabung sih sampah sisa banjir di kemang timur,tugas gabung sih sampah sisa banjir kemang timur,di
senang warga dampak banjir bisa urus kembali dokumen duduk,senang warga dampak banjir urus dokumen duduk,bisa kembali
truk kerah angkut sampah sisa banjir di jakbar,truk kerah angkut sampah sisa banjir jakbar,di
sudin dukcapil jaksel urus dokumen adminduk warga dampak banjir,sudin dukcapil jaksel urus dokumen adminduk warga dampak banjir,
pulau ribu siaga empat kapal ambulans,pulau ribu siaga kapal ambulans,empat
tugas tangan tanggul jebol di jl rumah kemang jaya,tugas tangan tanggul jebol jl rumah kemang jaya,di
pintu air di jakarta dan sekitar siaga,pintu air jakarta siaga,di dan sekitar
unit mobil madam kerah atas lumpur di cipinang melayu,unit mobil madam kerah lumpur cipinang melayu,atas di
sudin dukcapil jakbar jemput bola layan warga dampak banjir,sudin dukcapil jakbar jemput bola layan warga dampak banjir,
baznas bazis dki salur bantu di rumah singgah lbkm pulau ribu,baznas bazis dki salur bantu rumah singgah lbkm pulau ribu,di
tugas gabung sih lumpur di cipinang melayu,tugas gabung sih lumpur cipinang melayu,di
dinkes siaga posko sehat jam di camat jatinegara,dinkes siaga posko sehat jam camat jatinegara,di
jumlah pintu air status siaga,pintu air status siaga,jumlah
jakarta prediksi hujan sejak pagi hari,jakarta prediksi hujan pagi,sejak hari
bank dki dan ancol sosialisasi guna mobile point of sale,bank dki ancol sosialisasi mobile point of sale,dan guna
jmn apresiasi anies terjun langsung cek tangan banjir,jmn apresiasi anies terjun langsung cek tangan banjir,
sudinsos jaksel ikan layan psikososial bagi warga dampak banjir,sudinsos jaksel ikan layan psikososial warga dampak banjir,bagi
warga dampak banjir di jaksel imbau waspada jentik nyamuk,warga dampak banjir jaksel imbau waspada jentik nyamuk,di
lurah pondok bambu salur bantu untuk warga dampak banjir,lurah pondok bambu salur bantu warga dampak banjir,untuk
persagi dki salur bantu ke warga dampak banjir di cipinang melayu,persagi dki salur bantu warga dampak banjir cipinang melayu,ke di
warga dampak banjir apresiasi tangan cepat pemprov dki,warga dampak banjir apresiasi tangan cepat pemprov dki,
sudinhub jaksel bantu derek mobil mogok di kompleks ikpn,sudinhub jaksel bantu derek mobil mogok kompleks ikpn,di
baznas bazis dki laku damping psikososial di lokasi ungsi,baznas bazis dki laku damping psikososial lokasi ungsi,di
panti sosial dinsos dki salur bantu makan siap saji,panti sosial dinsos dki salur bantu makan saji,siap
jalan dr sutomo sudah bersih dari lumpur dan sampah banjir,jalan dr sutomo bersih lumpur sampah banjir,sudah dari dan
dinas kukmp salur bantu bagi korban banjir di kayu putih,dinas kukmp salur bantu korban banjir kayu putih,bagi di
warga dampak banjir urus dokumen adminduk,warga dampak banjir urus dokumen adminduk,
anggota komisi a bantu korban banjir di jaksel,anggota komisi a bantu korban banjir jaksel,di
dinas nakertrans salur bantu untuk korban banjir,dinas nakertrans salur bantu korban banjir,untuk
bpbd buka posko terima bantu banjir di balai kota,bpbd buka posko terima bantu banjir balai kota,di
pemprov dki pasti butuh dasar warga dampak banjir penuh,pemprov dki butuh dasar warga dampak banjir penuh,pasti
lurah pulau panggang panen sayur,lurah pulau panggang panen sayur,
tugas ppsu sih sampah sisa banjir di pondok pinang,tugas ppsu sih sampah sisa banjir pondok pinang,di
tugas gabung sih lumpur sisa banjir di rw pondok bambu,tugas gabung sih lumpur sisa banjir rw pondok bambu,di
baznas bazis pulau ribu salur bantu makan siap saji,baznas bazis pulau ribu salur bantu makan saji,siap
tangan pasca genang laku di jl bungur besar raya,tangan pasca genang laku jl bungur raya,di besar
bpbd jumlah ungsi dampak banjir turun,bpbd ungsi dampak banjir turun,jumlah
rekapitulasi lapor genang dan banjir seluruh jalan di jaksel dan jaktim telah dapat lalu kendara,rekapitulasi lapor genang banjir jalan jaksel jaktim kendara,dan seluruh di dan telah dapat lalu
personel gabung sih sisa banjir di tanah abang,personel gabung sih sisa banjir tanah abang,di
upprd cilincing himpun bantu untuk korban dampak genang,upprd cilincing himpun bantu korban dampak genang,untuk
ppkd jaktim sumbang pakai baru untuk korban banjir,ppkd jaktim sumbang pakai korban banjir,baru untuk
tugas sih sampah sisa banjir di grogol tambur,tugas sih sampah sisa banjir grogol tambur,di
tugas gabung sih jl yos sudarso kelapa gading,tugas gabung sih jl yos sudarso kelapa gading,
jl jatinegara barat kembali buka,jl jatinegara barat buka,kembali
kolaborasi sama lembaga pemprov dki sepakat janji kerja sama tanggulang bencana di jakarta,kolaborasi lembaga pemprov dki sepakat janji kerja tanggulang bencana jakarta,sama sama di
ancol salur bantu untuk warga dampak banjir di jaring,ancol salur bantu warga dampak banjir jaring,untuk di
jumling di pulau kelapa pasti bersih lingkung jaga,jumling pulau kelapa bersih lingkung jaga,di pasti
lumpur sisa banjir di jl raya kayu putih bersih,lumpur sisa banjir jl raya kayu putih bersih,di
instalasi swro pulau harap uji coba,instalasi swro pulau harap uji coba,
tugas satpol pp pulau ribu siaga di posko bencana,tugas satpol pp pulau ribu siaga posko bencana,di
camat kelapa gading masih buka posko dapur umum,camat kelapa gading buka posko dapur,masih umum
pintu air di jakarta dan sekitar status siaga,pintu air jakarta status siaga,di dan sekitar
transjakarta koridor dan belum operasi normal,transjakarta koridor operasi normal,dan belum
bijak ganjil genap kembali terap hari ini,bijak ganjil genap terap,kembali hari ini
makan siap saji bagi pada ungsi di cipinang melayu,makan saji ungsi cipinang melayu,siap bagi pada di
walkot jaksel dan kapolda tinjau tangan banjir di bintaro,walkot jaksel kapolda tinjau tangan banjir bintaro,dan di
lumpur di jalan dr sutomo bersih,lumpur jalan dr sutomo bersih,di
kadin jakpus beri bantu bagi korban banjir,kadin jakpus bantu korban banjir,beri bagi
satpol pp dan warga kerja bakti sih lumpur sisa banjir,satpol pp warga kerja bakti sih lumpur sisa banjir,dan
bprd dki santun ribu anak yatim dan dhuafa,bprd dki santun ribu anak yatim dhuafa,dan
surut jumlah pintu air status siaga,surut pintu air status siaga,jumlah
personel dinas sda sedot genang di jl kemang raya,personel dinas sda sedot genang jl kemang raya,di
posko sehat di rw kwitang layan warga,posko sehat rw kwitang layan warga,di
dua alat berat tangan longsor di bambu apus,alat berat tangan longsor bambu apus,dua di
dinas dukcapil buka layan dokumen duduk warga dampak banjir,dinas dukcapil buka layan dokumen duduk warga dampak banjir,
tugas gabung sih jl kapten tendean,tugas gabung sih jl kapten tendean,
luap banjir di rusun pesakih olah jadi air bersih,luap banjir rusun pesakih olah air bersih,di jadi
ketua dprd serah bantu untuk korban banjir,ketua dprd serah bantu korban banjir,untuk
lokasi ungsi di kampus universitas borobudur tampung kk,lokasi ungsi kampus universitas borobudur tampung kk,di
ruas jalan di ibukota dan sekitar masih genang,ruas jalan ibukota genang,di dan sekitar masih
gor cendrawasih tampung warga korban banjir,gor cendrawasih tampung warga korban banjir,
beberapa rute transjakarta sudah kembali normal,rute transjakarta normal,beberapa sudah kembali
jl jatinegara barat masih alih,jl jatinegara barat alih,masih
beton mcb di jl rintis merdeka rapi,beton mcb jl rintis merdeka rapi,di
tinjau lokasi dampak banjir anies ajak warga gotong royong atas banjir,tinjau lokasi dampak banjir anies ajak warga gotong royong banjir,atas
lima unit pompa kerah atas genang di teluk gong,unit pompa kerah genang teluk gong,lima atas di
mensos cek dapur umum sudin sosial jaktim di cawang,mensos cek dapur sudin sosial jaktim cawang,umum di
sudinsos jaksel distribusi makan siap saji,sudinsos jaksel distribusi makan saji,siap
rekapitulasi faskes hingga jalur transportasi umum dampak genang dan banjir,rekapitulasi faskes jalur transportasi dampak genang banjir,hingga umum dan
pintu air angke hulu siaga,pintu air angke hulu siaga,
forum komunikasi bumd dki salur bantu untuk warga korban banjir,forum komunikasi bumd dki salur bantu warga korban banjir,untuk
wisatawan kunjung pulau ribu saat libur nataru,wisatawan kunjung pulau ribu libur nataru,saat
pohon tumbang di smpn pulau tidung evakuasi,pohon tumbang smpn pulau tidung evakuasi,di
dinas lh sih meter kubik sampah banjir,dinas lh sih meter kubik sampah banjir,
dinas lh kerah toilet portabel,dinas lh kerah toilet portabel,
anies tinjau tangan banjir di jl lebak bulus dalam,anies tinjau tangan banjir jl lebak bulus,di dalam
lima lokasi dampak banjir dapat bantu air bersih,lokasi dampak banjir bantu air bersih,lima dapat
bus transjakarta jurus bsd juanda setop operasi sementara,bus transjakarta jurus bsd juanda setop operasi,sementara
dua unit mobil pompa damkar kerah atas genang di cilincing,unit mobil pompa damkar kerah genang cilincing,dua atas di
tugas ppsu sih jl di panjaitan,tugas ppsu sih jl panjaitan,di
pam jaya distribusi air bersih bagi warga dampak banjir di pinang ranti,pam jaya distribusi air bersih warga dampak banjir pinang ranti,bagi di
sudinhub jaksel siaga personel di ruas jalan genang,sudinhub jaksel siaga personel ruas jalan genang,di
genang di jumlah jalan di jakut mulai surut,genang jalan jakut surut,di jumlah di mulai
mobil damkar sih lumpur di terowongan cawang,mobil damkar sih lumpur terowongan cawang,di
ini rute transjakarta yang alih dan setop operasi sementara,rute transjakarta alih setop operasi,ini yang dan sementara
hari ini bijak ganjil genap tiada,bijak ganjil genap tiada,hari ini
tma pintu air manggarai turun jadi siaga,tma pintu air manggarai turun siaga,jadi
pintu air manggarai siaga,pintu air manggarai siaga,
korban banjir evakuasi ke tenda ungsi cawang,korban banjir evakuasi tenda ungsi cawang,ke
pintu air manggarai dekat siaga,pintu air manggarai siaga,dekat
sudin sosial jakarta utara distribusi paket makan siap saji,sudin sosial jakarta utara distribusi paket makan saji,siap
personel satpol pp kerah ke lokasi banjir di kampung melayu,personel satpol pp kerah lokasi banjir kampung melayu,ke di
anies apresiasi kerja seluruh jajar pemprov dki kait banjir,anies apresiasi kerja jajar pemprov dki kait banjir,seluruh
pasok air pam di jakarta timur ganggu sementara,pasok air pam jakarta timur ganggu,di sementara
posko ungsi di tegal parang sebar di titik,posko ungsi tegal parang sebar titik,di di
pemprov dki siap posko bantu logistik,pemprov dki posko bantu logistik,siap
sudin sosial jaktim siap boks makan siap saji,sudin sosial jaktim boks makan saji,siap siap
puskesmas rawajati ii tampung warga dampak banjir,puskesmas rawajati ii tampung warga dampak banjir,
pemprov terus salur bantu bahan pokok ke posko ungsi,pemprov salur bantu bahan pokok posko ungsi,terus ke
pemprov dki siap siaga antisipasi dampak curah hujan tinggi,pemprov dki siaga antisipasi dampak curah hujan,siap tinggi
dinsos dki jakarta siap dapur umum bagi warga dampak banjir,dinsos dki jakarta dapur warga dampak banjir,siap umum bagi
wali kota jakbar salur bantu korban banjir di posko rawa buaya,wali kota jakbar salur bantu korban banjir posko rawa buaya,di
ini dua lokasi ungsi di lurah petogogan,lokasi ungsi lurah petogogan,ini dua di
dinkes dki siaga rsud dan puskesmas camat bagi warga dampak banjir,dinkes dki siaga rsud puskesmas camat warga dampak banjir,dan bagi
tugas tangan tanggul longsor di lurah setu,tugas tangan tanggul longsor lurah setu,di
sudin pe jaktim tambah terang di lokasi ungsi,sudin pe jaktim terang lokasi ungsi,tambah di
pintu air kali ciliwung lama buka hingga sentimeter,pintu air kali ciliwung buka sentimeter,lama hingga
tumpang mrt jakarta capai ribu saat malam tahun baru,tumpang mrt jakarta capai ribu malam,saat tahun baru
wali kota jaksel tinjau jumlah lokasi dampak banjir,wali kota jaksel tinjau lokasi dampak banjir,jumlah
sampah di malam tahun baru turun drastis,sampah malam turun drastis,di tahun baru
tugas ppsu bantu warga dampak banjir,tugas ppsu bantu warga dampak banjir,
wakil ketua dprd apresiasi gerak cepat anies dalam tangan banjir,wakil ketua dprd apresiasi gerak cepat anies tangan banjir,dalam
wakil wali kota jakpus cek tangan banjir,wakil wali kota jakpus cek tangan banjir,
sudin gulkarmat jaktim evakuasi warga dampak banjir,sudin gulkarmat jaktim evakuasi warga dampak banjir,
sudin sosial jaktim distribusi makan siap saji,sudin sosial jaktim distribusi makan saji,siap
lurah cengkareng timur diri dapur umum di rw,lurah cengkareng timur dapur rw,diri umum di
tugas atas genang di lurah pulau panggang,tugas genang lurah pulau panggang,atas di
ini beberapa posko tangan banjir di ibukota,posko tangan banjir ibukota,ini beberapa di
seluruh personel satpol pp kerah bantu warga dampak banjir,personel satpol pp kerah bantu warga dampak banjir,seluruh
warga dampak banjir di camat cempaka putih sudah evakuasi,warga dampak banjir camat cempaka putih evakuasi,di sudah
genang di jl kamal raya angsur surut,genang jl kamal raya angsur surut,di
tugas sih air pulau tidung,tugas sih air pulau tidung,
halte transjakarta jembatan baru jadi tempat ungsi sementara,halte transjakarta jembatan ungsi,baru jadi tempat sementara
lima puskesmas lurah di jakut fungsi jadi posko ungsi,puskesmas lurah jakut fungsi posko ungsi,lima di jadi
underpass kuninganmampang sudah bisa lintas kendara,underpass kuninganmampang lintas kendara,sudah bisa
sudin sosial jaktim diri dapur umum di cawang,sudin sosial jaktim dapur cawang,diri umum di
tugas gabung bantu evakuasi warga di sukapura,tugas gabung bantu evakuasi warga sukapura,di
sudin gulkarmat jaktim kerah perahu karet untuk evakuasi warga,sudin gulkarmat jaktim kerah perahu karet evakuasi warga,untuk
pintu air depok siaga,pintu air depok siaga,
tugas gabung tangan banjir di rawajati,tugas gabung tangan banjir rawajati,di
sudinhub jakut siaga mobil derek di lokasi dampak genang,sudinhub jakut siaga mobil derek lokasi dampak genang,di
pohon tumbang di pulau tidung evakuasi,pohon tumbang pulau tidung evakuasi,di
personel dinas gulkarmat dan bpbd kerah untuk evakuasi warga,personel dinas gulkarmat bpbd kerah evakuasi warga,dan untuk
atas genang sda jakut buka nyaring pintu air kali kresek,genang sda jakut buka nyaring pintu air kali kresek,atas
meter kubik sampah angkat dari pintu air manggarai,meter kubik sampah angkat pintu air manggarai,dari
pd pal jaya bantu warga dampak genang,pd pal jaya bantu warga dampak genang,
sudin sosial jakut siap paket makan siap saji,sudin sosial jakut paket makan saji,siap siap
anies pasti tangan kait banjir laku optimal,anies tangan kait banjir laku optimal,pasti
beberapa koridor transjakarta setop operasi sementara,koridor transjakarta setop operasi,beberapa sementara
tugas ppsu evakuasi pohon tumbang di jl arteri marunda,tugas ppsu evakuasi pohon tumbang jl arteri marunda,di
pintu air manggarai status siaga,pintu air manggarai status siaga,
jl sudirman thamrin sudah bisa lalu kendara,jl sudirman thamrin kendara,sudah bisa lalu
jual jas hujan raup rezeki di kawasan bundar hi,jual jas hujan raup rezeki kawasan bundar hi,di
apbd sudah bisa guna mulai januari,apbd januari,sudah bisa guna mulai
wali kota jaksel harap tahun makin baik,wali kota jaksel harap,tahun makin baik
wakil wali kota jakpus tinjau lokasi ramai malam tahun baru,wakil wali kota jakpus tinjau lokasi ramai malam,tahun baru
alif dan riski senang bisa naik transjakarta ke acara tahun baru,alif riski senang transjakarta acara,dan bisa naik ke tahun baru
dagang thamrin petik berkah malam tahun baru,dagang thamrin petik berkah malam,tahun baru
